ID,Title,Authors,PaperURL,ArtifactURL,ACMPaper,AuthorURLs,BestPaperFinalist,SessionID,SessionOrder,Presenter
222,DUPLO: Unifying Cut-and-Choose for Garbled Circuits,Vladimir Kolesnikov (Bell Labs); Jesper Buus Nielsen (Aarhus University); Mike Rosulek and Ni Trieu (Oregon State University); Roberto Trifiletti (Aarhus University),https://eprint.iacr.org/2017/344,https://github.com/AarhusCrypto/DUPLO,p3-kolesnikovA.pdf,"http://ect.bell-labs.com/who/kolesnikov/, http://www.cs.au.dk/~jbn/, web.engr.oregonstate.edu/~rosulekm/, http://people.oregonstate.edu/~trieun/, http://robtrifiletti.com/",,A1,1,Ni Trieu
596,Authenticated Garbling and Efficient Maliciously Secure Two-Party Computation,Xiao Wang (University of Maryland); Samuel Ranellucci ([University of Maryland/George Mason University]); Jonathan Katz (University of Maryland),https://eprint.iacr.org/2017/030,https://github.com/emp-toolkit/,p21-wangA.pdf,"http://www.cs.umd.edu/~wangxiao/, ,https://www.cs.umd.edu/~jkatz/",1,A1,2,Xiao Wang
178,Global-Scale Secure Multiparty Computation,Xiao Wang (University of Maryland); Samuel Ranellucci ([University of Maryland/George Mason University]); Jonathan Katz (University of Maryland),https://eprint.iacr.org/2017/189,https://github.com/emp-toolkit/,p39-wangA.pdf,"http://www.cs.umd.edu/~wangxiao/, ,https://www.cs.umd.edu/~jkatz/",,A1,3,Xiao Wang
52,Hearing Your Voice Is Not Enough: An Articulatory Gesture Based Liveness Detection for Voice Authentication,"Linghan Zhang, Sheng Tan, and Jie Yang (Florida State University)",,,p57-zhangA.pdf,,,A2,1,Linghan Zhang
62,VibWrite: Towards Finger-input Authentication on Ubiquitous Surfaces via Physical Vibration,"Jian Liu, Chen Wang, and Yingying Chen (Rutgers University); Nitesh Saxena (University of Alabama at Birmingham)",,,p73-liuAemb.pdf,,,A2,2,Jian Liu
783,Presence Attestation: The Missing Link In Dynamic Trust Bootstrapping,"Zhangkai Zhang (Beihang University); Xuhua Ding (Singapore Management University); Gene Tsudik (University of California, Irvine); Jinhua Cui (Singapore Management University); Zhoujun Li (Beihang University)",,,p89-zhangA.pdf,,,A2,3,Zhangkai Zhang
592,DolphinAttack: Inaudible Voice Commands,"Guoming Zhang, Chen Yan, Xiaoyu Ji, Tianchen Zhang, Taimin Zhang, and Wenyuan Xu (Zhejiang University)",https://arxiv.org/abs/1708.09537,,p103-zhangAemb.pdf,,1,A3,1,"Guoming zhang, Chen Yan, Xiaoyu Ji"
175,Evading Classifiers by Morphing in the Dark,"Hung Dang, Yue Huang, and Ee-Chien Chang (National University of Singapore)",,,p119-dangA.pdf,"http://www.comp.nus.edu.sg/~hungdang/, n/a, http://www.comp.nus.edu.sg/~changec/",,A3,2,Ee-Chien Chang
600,MagNet: a Two-Pronged Defense against Adversarial Examples,"Dongyu Meng (ShanghaiTech University); Hao Chen (University of California, Davis)",https://arxiv.org/abs/1705.09064,,p135-mengA.pdf,"http://trevillie.github.io/,http://web.cs.ucdavis.edu/~hchen/",,A3,3,Dongyu Meng
197,Hindsight: Understanding the Evolution of UI Vulnerabilities in Mobile Browsers,"Meng Luo, Oleksii Starov, Nima Honarmand, and Nick Nikiforakis (Stony Brook University)",,,p149-luoA.pdf,,,A4,1,Meng Luo
249,Deterministic Browser,"Yinzhi Cao, Zhanhao Chen, Song Li, and Shujiang Wu (Lehigh University)",https://arxiv.org/abs/1708.06774,http://www.deterfox.com,p163-caoA.pdf,"http://www.yinzhicao.org/, http://zhanhao.org/, http://www.songli.us/, ,   ",,A4,2,Zhanhao Chen
101,Most Websites Don't Need to Vibrate: A Cost-Benefit Approach to Improving Browser Security,"Peter Snyder, Cynthia Taylor, and Chris Kanich (University of Illinois at Chicago)",https://arxiv.org/abs/1708.08510,,p179-snyderA.pdf,"https://www.cs.uic.edu/~psnyder/,https://www.cs.uic.edu/~cynthiat/,https://www.cs.uic.edu/~ckanich/",,A4,3,Peter Snyder
432,Be Selfish and Avoid Dilemmas: Fork After Withholding (FAW) Attacks on Bitcoin,"Yujin Kwon, Dohyun Kim, and Yunmok Son (KAIST); Eugene Vasserman (Kansas State University); Yongdae Kim (KAIST)",https://arxiv.org/abs/1708.09790,,p195-kwonA.pdf,,,A5,1,Yujin Kwon
496,"Betrayal, Distrust, and Rationality: Smart Counter-Collusion Contracts for Verifiable Cloud Computing","Changyu Dong, Yilei Wang, Amjad Aldweesh, Patrick McCorry, and Aad van Moorsel (Newcastle University)",https://arxiv.org/abs/1708.01171,https://github.com/mjod89/SmartContracts,p211-dongA.pdf,"http://homepages.cs.ncl.ac.uk/changyu.dong/,  http://www.ncl.ac.uk/computing/people/profile/yileiwang.html,   ,  http://www0.cs.ucl.ac.uk/staff/P.McCorry/, http://www.ncl.ac.uk/computing/people/profile/aadvanmoorsel.html",,A5,2,Changyu Dong
606,Zero-Knowledge Contingent Payments Revisited: Attacks and Payments for Services,Matteo Campanelli and Rosario Gennaro (City College of New York); Steven Goldfeder (Princeton University); Luca Nizzardo (IMDEA Software Institute and Universidad Polit&eacute;cnica de Madrid),https://eprint.iacr.org/2017/566,https://github.com/matteocam/zkcsp-over-bitcoin,p229-campanelliA.pdf,"--,http://www-cs.ccny.cuny.edu/~rosario/, http://stevengoldfeder.com/, http://software.imdea.org/people/luca.nizzardo/index.html",,A5,3,Steven Goldfeder
646,Pool: Scalable On-Demand Secure Computation Service Against Malicious Adversaries,Ruiyu Zhu and Yan Huang (Indiana University); Darion Cassel (Carnegie Mellon University),https://homes.soic.indiana.edu/yh33/mypub/pool.pdf,https://github.com/jimu-pool/,p245-zhuA.pdf,http://homes.soic.indiana.edu/yh33/,,B1,1,Ruiyu Zhu
259,A Framework for Constructing Fast MPC over Arithmetic Circuits with Malicious Adversaries and an Honest-Majority,Yehuda Lindell and Ariel Nof (Bar-Ilan University),https://eprint.iacr.org/2017/816.pdf,,p259-lindellA.pdf,,,B1,2,Ariel Nof
821,"Efficient, Constant-Round and Actively Secure MPC: Beyond the Three-Party Case",Nishanth Chandran (Microsoft Research India); Juan Garay (Texas A&M University); Payman Mohassel (Visa Research); Satyanarayana Vusirikala (Microsoft Research India),https://eprint.iacr.org/2017/519,,p277-chandranA.pdf,,,B1,3,Satyanarayana Vusirikala
146,Let's go in for a closer look: Observing passwords in their natural habitat,"Sarah Pearman, Jeremy Thomas, Pardis Emami Naeini, Hana Habib, Lujo Bauer, Nicolas Christin, and Lorrie Faith Cranor (Carnegie Mellon University); Serge Egelman (University of California, Berkeley); Alain Forget (Google)",,,p295-pearmanA.pdf,"Sarah Pearman (https://www.sarahpearman.com), Jeremy Thomas, Pardis Emami Naeini, Hana Habib (http://www.hanahabib.com), Lujo Bauer (https://lbauer.ece.cmu.edu/~lbauer), Nicolas Christin (https://www.andrew.cmu.edu/user/nicolasc/), Lorrie Faith Cranor (http://lorrie.cranor.org), Serge Egelman, Alain Forget (https://cups.cs.cmu.edu/~aforget/)",,B2,1,Sarah Pearman
693,Why Do Developers Get Password Storage Wrong? A Qualitative Usability Study,"Alena Naiakshina, Anastasia Danilova, Christian Tiefenau, Marco Herzog, Sergej Dechand, and Matthew Smith (University of Bonn)",https://arxiv.org/abs/1708.08759,,p311-naiakshinaA.pdf,"https://net.cs.uni-bonn.de/wg/usecap/staff/alena-naiakshina/, https://net.cs.uni-bonn.de/wg/usecap/staff/anastasia-danilova/, https://net.cs.uni-bonn.de/wg/usecap/staff/christian-tiefenau/, https://net.cs.uni-bonn.de/wg/usecap/staff/marco-herzog/,https://net.cs.uni-bonn.de/wg/usecap/staff/sergej-dechand/,https://net.cs.uni-bonn.de/wg/usecap/staff/leader/prof-dr-matthew-smith/",,B2,2,Alena Naiakshina & Anastasia Danilova
269,The TypTop System: Personalized Typo-tolerant Password Checking,"Rahul Chatterjee (Cornell Tech); Joanne Woodage (Royal Holloway, University of London); Yuval Pnueli (Technion - Israel Institute of Technology); Anusha Chowdhury (Cornell University); Thomas Ristenpart (Cornell Tech)",https://eprint.iacr.org/2017/810,https://typtop.info,p329-chatterjeeA.pdf,,,B2,3,Rahul Chatterjee
873,Rise of the HaCRS: Augmenting Autonomous Cyber Reasoning Systems with Human Assistance,"Yan Shoshitaishvili (Arizona State University); Michael Weissbacher (Northeastern University); Lukas Dresel, Christopher Salls, Ruoyu Wang, Christopher Kruegel, and Giovanni Vigna (University of California, Santa Barbara)",,,p347-shoshitaishviliA.pdf,http://www.yancomm.net,,B3,1,Yan Shoshitaishvili
427,Neural Network-based Graph Embedding for Cross-Platform Binary Code Similarity Detection,"Xiaojun Xu (Shanghai Jiao Tong University); Chang Liu (University of California, Berkeley); Qian Feng (Samsung Research America); Heng Yin (University of California, Riverside); Le Song (Georgia Institute of Technology); Dawn Song (University of California, Berkeley)",https://arxiv.org/abs/1708.06525,,p363-xuAemb.pdf,,,B3,2,Chang Liu
564,RAIN: Refinable Attack Investigation with On-demand Inter-Process Information Flow Tracking,"Yang Ji, Sangho Lee, Evan Downing, Weiren Wang, Mattia Fazzini, Taesoo Kim, Alessandro Orso, and Wenke Lee (Georgia Institute of Technology)",,,p377-jiA.pdf,"https://sites.google.com/site/yangji/,https://www.cc.gatech.edu/~slee3036, www.evandowning.com, , ,https://taesoo.kim,http://www.cc.gatech.edu/~orso, ,",,B3,3,Yang Ji
679,Synthesis of Probabilistic Privacy Enforcement,"Martin Kucera, Petar Tsankov, Timon Gehr, Marco Guarnieri, and Martin Vechev (ETH Z&uuml;rich)",,http://www.srl.inf.ethz.ch/probabilistic-security,p391-kuceraA.pdf,"no page, http://www.ptsankov.com/, http://www.srl.inf.ethz.ch/tg.php, https://www.inf.ethz.ch/personal/marco.guarnieri/, http://www.srl.inf.ethz.ch/vechev.php",,B4,1,Petar Tsankov or Timon Gehr
257,A Type System for Privacy Properties,"V&eacute;ronique Cortier ([Loria, CNRS/Inria]); Niklas Grimm (TU Wien); Joseph Lallemand ([Loria, CNRS/Inria]); Matteo Maffei (TU Wien)",https://arxiv.org/abs/1708.08340,https://secpriv.tuwien.ac.at/tools/typeeq,p409-cortierA.pdf,"https://members.loria.fr/VCortier, https://secpriv.tuwien.ac.at/group/team/niklas_grimm,  https://members.loria.fr/JLallemand, https://secpriv.tuwien.ac.at/maffei  ",,B4,2,Joseph Lallemand
728,Generating Synthetic Decentralized Social Graphs with Local Differential Privacy,"Zhan Qin (State University of New York at Buffalo); Yin Yang (College of Science and Engineering, Hamad Bin Khalifa University); Ting Yu (Qatar Computing Research Institute, Hamad Bin Khalifa University); Xiaokui Xiao (Nanyang Technological University); Issa Khalil (Qatar Computing Research Institute, Hamad Bin Khalifa University); Kui Ren (State University of New York at Buffalo)",,,p425-qinAemb.pdf,,,B4,3,Zhan Qin
517,Revive: Rebalancing Off-Blockchain Payment Networks,Rami Khalil and Arthur Gervais (ETH Z&uuml;rich),,https://github.com/rami-khalil/revive,p439-khalilA.pdf,"https://rami-khalil.com,http://arthurgervais.com/",,B5,1,Rami Khalil
789,Concurrency and Privacy with Payment-Channel Networks,Giulio Malavolta (Friedrich-Alexander University Erlangen Nuernberg); Pedro Moreno-Sanchez and Aniket Kate (Purdue University); Matteo Maffei (TU Wien); Srivatsan Ravi (University of Southern California),https://eprint.iacr.org/2017/820.pdf,,p455-malavoltaA.pdf,,,B5,2,Giulio Malavolta
773,Bolt: Anonymous Payment Channels for Decentralized Currencies,Matthew Green and Ian Miers (Johns Hopkins University),,,p473-greenA.pdf,,,B5,3,Ian Miers
762,S3ORAM: A Computation-Efficient and Constant Client Bandwidth Blowup ORAM with Shamir Secret Sharing,"Thang Hoang, Ceyhun D. Ozkaptan, and Attila A. Yavuz (Oregon State University); Jorge Guajardo (Robert Bosch Research and Technology Center); Tam Nguyen (Oregon State University)",https://eprint.iacr.org/2017/819,https://github.com/thanghoang/S3ORAM,p491-hoangA.pdf,,,C1,1,Thang Hoang
585,"Deterministic, Stash-Free Write-Only ORAM","Daniel S. Roche, Adam J. Aviv, Seung Geol Choi, and Travis Mayberry (United States Naval Academy)",https://arxiv.org/abs/1706.03827,https://github.com/dsroche/detworam,p507-rocheA.pdf,"https://www.usna.edu/Users/cs/roche/, https://www.usna.edu/Users/cs/aviv/, https://www.usna.edu/Users/cs/choi/, https://www.usna.edu/CyberDept/People/biographies/mayberry.php",,C1,2,Dan Roche
104,Scaling ORAM for Secure Computation,Jack Doerner and abhi shelat (Northeastern University),https://eprint.iacr.org/2017/827,https://gitlab.com/neucrypt/floram,p523-doernerA.pdf,,1,C1,3,Jack Doerner
574,Don't Let One Rotten Apple Spoil the Whole Barrel: Towards Automated Detection of Shadowed Domains,Daiping Liu (University of Delaware); Zhou Li (ACM Member); Kun Du (Tsinghua University); Haining Wang (University of Delaware); Baojun Liu and Haixin Duan (Tsinghua University),,,p537-liuA.pdf,,,C2,1,Daiping Liu
135,Herding Vulnerable Cats: A Statistical Approach to Disentangle Joint Responsibility for Web Security in Shared Hosting,"Samaneh Tajalizadehkhoob (Delft University of Technology); Tom van Goethem (KU Leuven, imec-DistriNet); Maciej Korczy&#324;ski and Arman Noroozian (Delft University of Technology); Rainer B&ouml;hme (Innsbruck University); Tyler Moore (The University of Tulsa); Wouter Joosen (KU Leuven, imec-DistriNet); Michel van Eeten (Delft University of Technology)",https://arxiv.org/abs/1708.06693,,p553-tajalizadehkhoobAemb.pdf,,,C2,2,Tyler Moore
287,Hiding in Plain Sight: A Longitudinal Study of Combosquatting Abuse,"Panagiotis Kintis (Georgia Institute of Technology); Najmeh Miramirkhani (Stony Brook University); Charles Lever, Yizheng Chen, and Rosa Romero-G&oacute;mez (Georgia Institute of Technology); Nikolaos Pitropakis (London South Bank University); Nick Nikiforakis (Stony Brook University); Manos Antonakakis (Georgia Institute of Technology)",https://arxiv.org/abs/1708.08519,,p569-kintisA.pdf,"http://kintis.net, https://you.stonybrook.edu/miramirkhani/, http://chazlever.com, https://www.cc.gatech.edu/~ychen462/, http://www.rosaromerogomez.com, http://www.lsbu.ac.uk/about-us/people-finder/dr-nikolaos-pitropakis, https://www.securitee.org, http://antonakakis.org/",,C2,3,Panagiotis Kintis
670,Machine Learning Models that Remember Too Much,Congzheng Song (Cornell University); Thomas Ristenpart and Vitaly Shmatikov (Cornell Tech),,,p587-songA.pdf,,,C3,1,Congzheng Song
358,Deep Models Under the GAN: Information Leakage from Collaborative Deep Learning,"Briland Hitaj, Giuseppe Ateniese, and Fernando Perez-Cruz (Stevens Institute of Technology)",https://arxiv.org/abs/1702.07464,,p603-hitajA.pdf,"https://sites.google.com/view/brilandhitaj/, https://web.stevens.edu/facultyprofile/?id=2182, https://web.stevens.edu/facultyprofile/?id=2224",,C3,2,Briland Hitaj
599,Oblivious Neural Network Predictions via MiniONN transformations,"Jian Liu, Mika Juuti, Yao Lu, and N. Asokan (Aalto University)",https://eprint.iacr.org/2017/452,,p619-liuA.pdf,,,C3,3,Jian Liu
687,Verifying Security Policies in Multi-agent Workflows with Loops,"Bernd Finkbeiner (CISPA, Saarland University); Christian M&uuml;ller, Helmut Seidl, and Eugen Zalinescu (Technische Universit&auml;t M&uuml;nchen)",http://arxiv.org/abs/1708.09013,https://versioncontrolseidl.in.tum.de/mueller/loopingworkflows,p633-finkbeinerA.pdf,,,C4,1,Christian Mªller
736,Attribute-Based Encryption in the Generic Group Model: Automated Proofs and New Constructions,"Miguel Ambrona ([IMDEA Software Institute/Universidad Polit&eacute;cnica de Madrid]); Gilles Barthe (IMDEA Software Institute); Romain Gay and Hoeteck Wee (ENS, Paris)",,,p647-ambronaA.pdf,,,C4,2,Miguel Ambrona Castellanos
364,FAME: Fast Attribute-based Message Encryption,Shashank Agrawal (Visa Research); Melissa Chase (Microsoft Research),https://eprint.iacr.org/2017/807,https://github.com/sagrawal87/ABE,p665-agrawalA.pdf,"https://shashank-agrawal.com/, https://www.microsoft.com/en-us/research/people/melissac/",,C4,3,Shashank Agrawal
459,Practical UC-Secure Delegatable Credentials with Attributes and Their Application to Blockchain,Jan Camenisch (IBM Research - Z&uuml;rich); Manu Drijvers ([IBM Research - Z&uuml;rich/ETH Z&uuml;rich]); Maria Dubovitskaya (IBM Research - Z&uuml;rich),,,p683-camenischA.pdf,,,C5,1,Manu Drijvers
345,Solidus: Confidential Distributed Ledger Transactions via PVORM,"Ethan Cecchetti and Fan Zhang (Cornell University); Yan Ji (Cornell University); Ahmed Kosba (University of Maryland); Ari Juels (Cornell Tech, Jacobs Institute); Elaine Shi (Cornell University)",https://eprint.iacr.org/2017/317.pdf,,p701-cecchettiA.pdf,"www.cs.cornell.edu/~ethan/,www.fanzhang.me,,www.cs.umd.edu/~akosba/,www.arijuels.com,elaineshi.com",,C5,2,Ethan Cecchetti
770,Fairness in an Unfair World: Fair Multiparty Computation from Public Bulletin Boards,"Arka Rai Choudhuri, Matthew Green, Abhishek Jain, Gabriel Kaptchuk, and Ian Miers (Johns Hopkins University)",,,p719-choudhuriA.pdf,,,C5,3,Ian Miers (tentative)
189,5Gen-C: Multi-input Functional Encryption and Program Obfuscation for Arithmetic Circuits,Brent Carmer ([Oregon State University/Galois$ Inc.]); Alex J. Malozemoff (Galois$ Inc.); Mariana Raykova (Yale University),,https://github.com/5GenCrypto,p747-carmerA.pdf,,,D1,1,Brent Carmer
881,Iron: Functional Encryption using Intel SGX,Ben Fisch (Stanford University); Dhinakaran Vinayagamurthy (University of Waterloo); Dan Boneh (Stanford University); Sergey Gorbunov (University of Waterloo),https://eprint.iacr.org/2016/1071,,p765-fischA.pdf,,1,D1,2,Ben Fisch
167,Implementing BP-Obfuscation Using Graph-Induced Encoding,Shai Halevi and Tzipora Halevi (IBM); Victor Shoup (IBM and New York University); Noah Stephens-Davidowitz (New York University),https://eprint.iacr.org/2017/104,,p783-haleviA.pdf,,,D1,3,Shai Halevi
751,AUTHSCOPE: Towards Automatic Discovery of Vulnerable Access Control in Online Services,"Chaoshun Zuo, Qingchuan Zhao, and Zhiqiang Lin (University of Texas at Dallas)",,,p799-zuoA.pdf,,,D2,1,Qingchuan Zhao
344,Mass Discovery of Android Traffic Imprints through Instantiated Partial Execution,Yi Chen (University of Chinese Academy of Sciences); Wei You and Yeonjoon Lee (Indiana University); Kai Chen (University of Chinese Academy of Sciences); XiaoFeng Wang (Indiana University); Wei Zou (University of Chinese Academy of Sciences),,,p815-chenA.pdf,"XiaoFeng Wang: https://www.informatics.indiana.edu/xw7/,  Kai Chen: http://chenkai.org",,D2,2,Yi Chen
451,Unleashing the Walking Dead: Understanding Cross-App Remote Infections on Mobile WebViews,Tongxin Li (Peking University); Xueqiang Wang (Indiana University); Mingming Zha and Kai Chen (Chinese Academy of Sciences); XiaoFeng Wang and Luyi Xing (Indiana University); Xiaolong Bai (Tsinghua University); Nan Zhang (Indiana University); Xinhui Han (Peking University),,,p829-liA.pdf,,,D2,3,Tongxin Li
480,May the Fourth Be With You: A Microarchitectural Side Channel Attack on Several Real-World Applications of Curve25519,Daniel Genkin ([University of Pennsylvania/University of Maryland]); Luke Valenta (University of Pennsylvania); Yuval Yarom ([University of Adelaide/Data61]),https://eprint.iacr.org/2017/806,,p845-genkinA.pdf,"https://www.cis.upenn.edu/~danielg3/, https://www.seas.upenn.edu/~lukev/, http://cs.adelaide.edu.au/~yval/",,D3,1,Luke Valenta
383,Stacco: Differentially Analyzing Side-Channel Traces for Detecting SSL/TLS Vulnerabilities in Secure Enclaves,"Yuan Xiao, Mengyuan Li, Sanchuan Chen, and Yinqian Zhang (The Ohio State University)",https://arxiv.org/abs/1707.03473,,p859-xiaoA.pdf,"http://web.cse.ohio-state.edu/~xiao.465/, N/A, http://web.cse.ohio-state.edu/~chen.4825/, http://web.cse.ohio-state.edu/~zhang.834/",,D3,2,Yuan Xiao
602,Precise Detection of Side-Channel Vulnerabilities using Quantitative Cartesian Hoare Logic,"Jia Chen, Yu Feng, and Isil Dillig (University of Texas at Austin)",,,p875-chenA.pdf,"http://www.cs.utexas.edu/~jchen/,https://www.cs.utexas.edu/~yufeng/,http://www.cs.utexas.edu/~isil/",,D3,3,Jia Chen
730,Better Than Advertised: Improved Collision-Resistance Guarantees for MD-Based Hash Functions,"Mihir Bellare, Joseph Jaeger, and Julia Len (University of California, San Diego)",,,p891-bellareA.pdf,"https://cseweb.ucsd.edu/~mihir/,https://cseweb.ucsd.edu/~jsjaeger/,https://cse.ucsd.edu/",,D4,1,Julia Len
230,Generic Semantic Security against a Kleptographic Adversary,"Alexander Russell (University of Connecticut); Qiang Tang (New Jersey Institute of Technology); Moti Yung ([Snap, Inc./Columbia University]); Hong-Sheng Zhou (Virginia Commonwealth University)",,,p907-russellA.pdf,"http://ash.engr.uconn.edu/~acr/,https://web.njit.edu/~qiang/,http://www.cs.columbia.edu/~moti/,http://www.people.vcu.edu/~hszhou/",,D4,2,Qiang Tang
98,Defending Against Key Exfiltration: Efficiency Improvements for Big-Key Cryptography via Large-Alphabet Subkey Prediction,"Mihir Bellare and Wei Dai (University of California, San Diego)",,,p923-bellareA.pdf,", http://cseweb.ucsd.edu/~weidai/",,D4,3,Wei Dai
717,Client-side Name Collision Vulnerability in the New gTLD Era: A Systematic Study,"Qi Alfred Chen (University of Michigan); Matthew Thomas and Eric Osterweil (Verisign Labs); Yulong Cao, Jie You, and Z. Morley Mao (University of Michigan)",http://web.eecs.umich.edu/~alfchen/alfred_ccs17.pdf,,p941-chenA.pdf,"http://web.eecs.umich.edu/~alfchen/,",,D5,1,Qi Alfred Chen
201,The Wolf of Name Street: Hijacking Domains Through Their Nameservers,"Thomas Vissers (KU Leuven, imec-DistriNet); Timothy Barron (Stony Brook University); Tom Van Goethem and Wouter Joosen (KU Leuven, imec-DistriNet); Nick Nikiforakis (Stony Brook University)",http://visse.rs/publications/Vissers-CCS-2017.pdf,,p957-vissersA.pdf,,,D5,2,Thomas Vissers
54,Faulds: A Non-Parametric Iterative Classifier for Internet-Wide OS Fingerprinting,Zain Shamsi (Texas A&M University); Daren B.H. Cline and Dmitri Loguinov (Texas A&M University),http://irl.cs.tamu.edu/people/zain/papers/ccs2017.pdf,,p971-shamsiA.pdf,,,D5,3,Zain Shamsi
209,T/Key: Second-Factor Authentication From Secure Hash Chains,"Dmitry Kogan, Nathan Manohar, and Dan Boneh (Stanford University)",https://arxiv.org/abs/1708.08424,,p983-koganA.pdf,,,E1,1,Dmitry Kogan
489,Practical Graphs for Optimal Side-Channel Resistant Memory-Hard Functions,Joel Alwen (IST Austria); Jeremiah Blocki and Ben Harsha (Purdue University),https://eprint.iacr.org/2017/443.pdf,https://github.com/Practical-Graphs/Argon2-Practical-Graph,p1001-alwenA.pdf,"http://pub.ist.ac.at/crypto/,https://www.cs.purdue.edu/homes/jblocki/,https://www.cs.purdue.edu/homes/bharsha/",,E1,2,Jeremiah Blocki
223,Better Bounds for Block Cipher Modes of Operation via Nonce-Based Key Derivation,Shay Gueron ([Haifa University/AWS]); Yehuda Lindell (Bar-Ilan University),https://eprint.iacr.org/2017/702.pdf,,p1019-gueronA.pdf,,1,E1,3,Shay Gueron
616,The ART of App Compartmentalization: Compiler-based Library Privilege Separation on Stock Android,"Jie Huang, Oliver Schranz, Sven Bugiel, and Michael Backes (CISPA, Saarland University)",,,p1037-huangA.pdf,,,E2,1,Jie Huang
149,Vulnerable Implicit Service: A Revisit,"Lingguang Lei ([Chinese Academy of Sciences, Institute of Information Engineering/George Mason University]); Yi He (Tsinghua University); Kun Sun (George Mason University); Jiwu Jing and Yuewu Wang (Chinese Academy of Sciences, Institute of Information Engineering); Qi Li (Tsinghua University); Jian Weng (Jinan University)",,,p1051-leiA.pdf,,,E2,2,Lingguang Lei
171,A Stitch in Time: Supporting Android Developers in Writing Secure Code,"Duc Cuong Nguyen (CISPA, Saarland University); Dominik Wermke (Leibniz University Hannover); Yasemin Acar (Leibniz University Hannover); Michael Backes (CISPA, Saarland University); Charles Weir (Security Lancaster, Lancaster University); Sascha Fahl (Leibniz University Hannover)",,,p1065-nguyenA.pdf,,,E2,3,Duc Cuong Nguyen
235,Exploiting a Thermal Side Channel for Power Attacks in Multi-Tenant Data Centers,"Mohammad A. Islam and Shaolei Ren (University of California, Riverside); Adam Wierman (California Institute of Technology)",,,p1079-islamA.pdf,,,E3,1,Mohammad A. Islam
691,"Watch Me, but Don't Touch Me! Contactless Control Flow Monitoring via Electromagnetic Emanations","Yi Han, Sriharsha Etigowni, Hua Liu, Saman Zonouz, and Athina Petropulu (Rutgers University)",https://arxiv.org/abs/1708.09099,,p1095-hanA.pdf,,,E3,2,Yi Han
272,Viden: Attacker Identification on In-Vehicle Networks,Kyong-Tak Cho and Kang G. Shin (University of Michigan),https://arxiv.org/abs/1708.08414,,p1109-choA.pdf,"http://web.eecs.umich.edu/~ktcho/, http://web.eecs.umich.edu/~kgshin/",,E3,3,Kyong-Tak Cho
696,Practical Attacks Against Graph-based Clustering,"Yizheng Chen, Yacin Nadji, and Athanasios Kountouras (Georgia Institute of Technology); Fabian Monrose (University of North Carolina at Chapel Hill); Roberto Perdisci (University of Georgia); Manos Antonakakis (Georgia Institute of Technology); Nikolaos Vasiloglou (Symantec)",https://arxiv.org/abs/1708.09056,,p1125-chenA.pdf,"https://www.cc.gatech.edu/~ychen462/, https://www.cc.gatech.edu/~ynadji3, https://www.linkedin.com/in/kountouras, https://www.cs.unc.edu/~fabian/web.html, http://roberto.perdisci.com/, https://sites.google.com/site/antonakakis/, https://www.linkedin.com/in/vasiloglou",,E4,1,Yizheng Chen
212,Automated Crowdturfing Attacks and Defenses in Online Review Systems,"Yuanshun Yao, Bimal Viswanath, Jenna Cryan, Haitao Zheng, and Ben Y. Zhao (University of Chicago)",https://arxiv.org/abs/1708.08151,,p1143-yaoA.pdf,"http://people.cs.uchicago.edu/~ysyao/ , https://vbimal.github.io/ , http://jennacryan.com/ , http://people.cs.uchicago.edu/~htzheng/ , http://people.cs.uchicago.edu/~ravenben/",,E4,2,Bimal Viswanath
598,POISED: Spotting Twitter Spam Off the Beaten Paths,"Shirin Nilizadeh (University of California, Santa Barbara); Fran&ccedil;ois Labr&egrave;che (&Eacute;cole Polytechnique de Montr&eacute;al); Alireza Sadighian (&Eacute;cole Polytechnique de Montr&eacute;al); Ali Zand (University of California, Santa Barbara); Jos&eacute;&nbsp;Fernandez (&Eacute;cole Polytechnique de Montr&eacute;al); Christopher Kruegel (University of California, Santa Barbara); Gianluca Stringhini (University College London); Giovanni Vigna (University of California, Santa Barbara) ",https://arxiv.org/abs/1708.09058,,p1159-nilizadehAemb.pdf,"http://nilizadeh.github.io/, http://francoislabreche.com/,  , http://cs.ucsb.edu/~zand/, http://www.polymtl.ca/recherche/rc/en/professeurs/details.php?NoProf=299, http://www.cs.ucsb.edu/~chris/, http://www0.cs.ucl.ac.uk/staff/G.Stringhini/, http://www.cs.ucsb.edu/~vigna/,",,E4,3,Shirin Nilizadeh
188,Practical Secure Aggregation for Privacy-Preserving Machine Learning,"Keith Bonawitz, Vladimir Ivanov, and Ben Kreuter (Google); Antonio Marcedone (Cornell University); H. Brendan McMahan, Sarvar Patel, Daniel Ramage, Aaron Segal, and Karn Seth (Google)",https://eprint.iacr.org/2017/281.pdf,,p1175-bonawitzA.pdf,,,E5,1,Aaron Segal
807,Use Privacy in Data-Driven Systems: Theory and Experiments with Machine Learnt Programs,"Anupam Datta, Matthew Fredrikson, Gihyuk Ko, Piotr Mardziel, and Shayak Sen (Carnegie Mellon University)",https://arxiv.org/abs/1705.07807,https://github.com/cmu-transparency/artifact-proxyuse-ccs2017,p1193-dattaA.pdf,"http://www.andrew.cmu.edu/user/danupam/,http://www.cs.cmu.edu/~mfredrik/,https://www.linkedin.com/in/gihyukko/,http://piotr.mardziel.com/,http://www.cs.cmu.edu/afs/cs.cmu.edu/Web/People/shayaks/",,E5,2,Piotr Mardziel
784,SGX-BigMatrix: A Practical Encrypted Data Analytic Framework With Trusted Processors,"Fahad Shaon, Murat Kantarcioglu, Zhiqiang Lin, and Latifur Khan (University of Texas at Dallas)",,,p1211-shaonA.pdf,"https://www.shaon.org, http://www.utdallas.edu/~muratk/,https://www.utdallas.edu/~zxl111930/,https://www.utdallas.edu/~lkhan/",,E5,3,Fahad Shaon
563,Malicious-Secure Private Set Intersection via Dual Execution,Peter Rindal and Mike Rosulek (Oregon State University),https://eprint.iacr.org/2017/769,https://github.com/osu-crypto/libPSI,p1229-rindalA.pdf,,,F1,1,Peter Rindal
610,Fast Private Set Intersection from Homomorphic Encryption,Hao Chen and Kim Laine (Microsoft Research); Peter Rindal (Oregon State University),https://eprint.iacr.org/2017/299,,p1243-chenA.pdf,,,F1,2,Hao Chen
621,Practical Multi-party Private Set Intersection from Symmetric-Key Techniques,Vladimir Kolesnikov (Bell Labs); Naor Matania and Benny Pinkas (Bar-Ilan University); Mike Rosulek and Ni Trieu (Oregon State University),https://eprint.iacr.org/2017/799,https://github.com/osu-crypto/MultipartyPSI,p1257-kolesnikovA.pdf,"http://ect.bell-labs.com/who/kolesnikov/, ,www.pinkas.net, web.engr.oregonstate.edu/~rosulekm/, http://people.oregonstate.edu/~trieun/",,F1,3,Ni Trieu
304,Detecting Structurally Anomalous Logins Within Enterprise Networks,Hossein Siadati and Nasir Memon (New York University),,,p1273-siadatiA.pdf,"http://engineering.nyu.edu/people/hossein-siadati, http://engineering.nyu.edu/people/nasir-memon",,F2,1,Hossein Siadati
381,DeepLog: Anomaly Detection and Diagnosis from System Logs through Deep Learning,"Min Du, Feifei Li, Guineng Zheng, and Vivek Srikumar (University of Utah)",,,p1285-duA.pdf,,,F2,2,Min Du
454,Predicting the Risk of Cyber Incidents,"Leyla Bilge, Yufei Han, and Matteo Dell'Amico (Symantec Research Labs)",,,p1299-bilgeA.pdf,,,F2,3,Leyla Bilge
470,Key Reinstallation Attacks: Forcing Nonce Reuse in WPA2,"Mathy Vanhoef and Frank Piessens (KU Leuven, imec-DistriNet)",https://papers.mathyvanhoef.com/ccs2017.pdf,,p1313-vanhoefA.pdf,,1,F3,1,Mathy Vanhoef
362,"CCCP: Closed Caption Crypto Phones to Resist MITM Attacks, Human Errors and Click-Through",Maliheh Shirvanian and Nitesh Saxena (University of Alabama at Birmingham),,,p1329-shirvanianA.pdf,http://spies.cs.uab.edu/,,F3,2,Maliheh Shirvanian
319,No-Match Attacks and Robust Partnering Definitions &mdash; Defining Trivial Attacks for Security Protocols is Not Trivial,Yong Li (Huawei Technologies D&uuml;sseldorf); Sven Sch&auml;ge (Ruhr-Universit&auml;t Bochum),https://eprint.iacr.org/2017/818,,p1343-liA.pdf,http://www.cits.rub.de/personen/schaege,,F3,3,Sven Sch_ge
339,Querying for Queries: Indexes of Queries for Efficient and Expressive IT-PIR,Syed Mahbub Hafiz and Ryan Henry (Indiana University),https://eprint.iacr.org/2017/825,,p1361-hafizA.pdf,",http://homes.soic.indiana.edu/henry/",,F4,1,Syed Mahbub Hafiz
837,PeGaSus: Data-Adaptive Differentially Private Stream Processing,Yan Chen and Ashwin Machanavajjhala (Duke University); Michael Hay (Colgate University); Gerome Miklau (University of Massachusetts Amherst),,,p1375-chenA.pdf,,,F4,2,Yan Chen
485,Composing Differential Privacy and Secure Computation: A case study on scaling private record linkage,Xi He and Ashwin Machanavajjhala (Duke University); Cheryl Flynn and Divesh Srivastava (AT&T Labs-Research),https://arxiv.org/abs/1702.00535,,p1389-heA.pdf,,,F4,3,Xi He
325,Where the Wild Warnings Are: Root Causes of Chrome HTTPS Certificate Errors,"Mustafa Emre Acer, Emily Stark, and Adrienne Porter Felt (Google); Sascha Fahl (Leibniz University Hannover); Radhika Bhargava (Purdue University); Bhanu Dev (International Institute of Information Technology Hyderabad); Matt Braithwaite, Ryan Sleevi, and Parisa Tabriz (Google)",,,p1407-acerA.pdf,,,F5,1,Emily Stark
640,"Data breaches, phishing, or malware? Understanding the risks of stolen credentials","Kurt Thomas (Google); Frank Li (University of California, Berkeley); Ali Zand, Jake Barrett, Juri Ranieri, Luca Invernizzi, Yarik Markov, Oxana Comanescu, Vijay Eranti, Angelika Moscicki, and Dan Margolis (Google); Vern Paxson (University of California, Berkeley); Elie Bursztein (Google)",,,p1421-thomasAembCC.pdf,,,F5,2,Kurt Thomas
11,Certified Malware: Measuring Breaches of Trust in the Windows Code-Signing PKI,"Doowon Kim, Bum Jun Kwon, and Tudor Dumitra&#351;&nbsp;(University of Maryland)",,,p1435-kimA.pdf,,,F5,3,Doowon Kim
131,Forward Secure Dynamic Searchable Symmetric Encryption with Efficient Updates,"Kee Sung Kim, Minkyu Kim, Dongsoo Lee, Je Hong Park, and Woo-Hwan Kim (National Security Research Institute)",,,p1449-kimA.pdf,,,G1,1,Kee Sung Kim
183,Forward and Backward Private Searchable Encryption from Constrained Cryptographic Primitives,"Raphael Bost ([Direction G&eacute;n&eacute;rale de l'Armement - Maitrise de l'Information/Universit&eacute;&nbsp;de Rennes 1]); Brice Minaud (Royal Holloway, University of London); Olga Ohrimenko (Microsoft Research, Cambridge)",https://eprint.iacr.org/2017/805,https://github.com/OpenSSE/opensse-schemes,p1465-bostA.pdf,"https://raphael.bost.fyi, https://pure.royalholloway.ac.uk/portal/en/persons/brice-minaud(5c667ab8-fbf7-4adc-8c76-5c1cbd260087).html, https://www.microsoft.com/en-us/research/people/oohrim/",,G1,2,Raphael Bost
33,Economic Factors of Vulnerability Trade and Exploitation: Empirical evidence from a prominent Russian cybercrime market,Luca Allodi (Eindhoven University of Technology),https://arxiv.org/abs/1708.04866,,p1483-allodiA.pdf,,,G2,1,Luca Allodi
570,Quantifying the Pressure of Legal Risks on Third-party Vulnerability Research,"Alexander Gamero-Garrido, Stefan Savage, Kirill Levchenko, and Alex C. Snoeren (University of California, San Diego)",https://papers.ssrn.com/sol3/papers.cfm?abstract_id=3029140,https://drive.google.com/file/d/0ByquBcDFaNXhRElvRl9md0QyR1k/view?usp=sharing,p1501-gamero-garridoA.pdf,"http://cseweb.ucsd.edu/~agamerog,http://cseweb.ucsd.edu/~savage,http://cseweb.ucsd.edu/~klevchen,http://cseweb.ucsd.edu/~snoeren",,G2,2,Alexander Gamero-Garrido
247,Identity-Based Format-Preserving Encryption,"Mihir Bellare (University of California, San Diego); Viet Tung Hoang (Florida State University)",,,p1515-bellareA.pdf,,,G3,1,Viet Tung Hoang
548,Standardizing Bad Cryptographic Practice - A teardown of the IEEE standard for protecting electronic-design intellectual property,"Animesh Chhotaray, Adib Nahiyan, Thomas Shrimpton, Domenic J Forte, and Mark Tehranipoor (University of Florida)",,,p1533-chhotarayA.pdf,"N/A , N/A , www.cise.ufl.edu/~teshrim , http://dforte.ece.ufl.edu/ , N/A ",,G3,2,Animesh Chhotaray
642,New Techniques for Structural Batch Verification in Bilinear Groups with Applications to Groth-Sahai Proofs,Gottfried Herold (ENS Lyon); Max Hoffmann (Ruhr-Universit&auml;t Bochum); Michael Kloo&#xdf;&nbsp;(Karlsruhe Institute of Technology); Carla R&agrave;fols (UPF Barcelona); Andy Rupp (Karlsruhe Institute of Technology),https://eprint.iacr.org/2017/802,,p1547-heroldA.pdf,,,G4,1,Michael Kloo_
823,Practical Quantum-Safe Voting from Lattices,"Rafael del Pino, Vadim Lyubashevsky, Gregory Neven, and Gregor Seiler (IBM Research - Z&uuml;rich)",,,p1565-del-pinoA.pdf,,,G4,2,Rafael del Pino
48,A Touch of Evil: High-Assurance Cryptographic Hardware from Untrusted Components,Vasilios Mavroudis and Andrea Cerulli (University College London); Petr Svenda (Masaryk University); Dan Cvrcek and Dusan Klinec (EnigmaBridge); George Danezis (University College London),https://arxiv.org/abs/1709.03817,http://trojantolerance.org,p1583-mavroudisA.pdf,"https://mavroud.is,,,,,,",,G5,1,Vasilios Mavroudis
194,Provably-Secure Logic Locking: From Theory To Practice,"Muhammad Yasin, Abhrajit Sengupta, Mohammed Thari Nabeel, Mohammed Ashraf (New York University); Jeyavijayan [JV] Rajendran (University of Texas at Dallas); Ozgur Sinanoglu (New York University)",,,p1601-yasinA.pdf,"https://wp.nyu.edu/yasin/, https://wp.nyu.edu/as9397/, , , , http://sites.nyuad.nyu.edu/dfx/",,G5,2,Muhammad Yasin
124,The Return of Coppersmith's Attack: Practical Factorization of Widely Used RSA Moduli,Matus Nemec ([Masaryk University/Ca' Foscari University of Venice]); Marek Sys and Petr Svenda (Masaryk University); Dusan Klinec ([Masaryk University/EnigmaBridge]); Vashek Matyas (Masaryk University),,https://crocs.fi.muni.cz/papers/rsa_ccs17,p1631-nemecA.pdf,,1,H1,1,Matus Nemec
186,Algorithm Substitution Attacks from a Steganographic Perspective,Sebastian Berndt and Maciej Liskiewicz (University of Luebeck),https://arxiv.org/abs/1708.06199,,p1649-berndtA.pdf,"http://seberndt.github.io/, http://www.tcs.uni-luebeck.de/de/mitarbeiter/liskiewi/",,H1,2,Maciej Liskiewicz
542,On the Power of Optical Contactless Probing: Attacking Bitstream Encryption of FPGAs,"Shahin Tajik, Heiko Lohrke, Jean-Pierre Seifert, and Christian Boit (Technische Universit&auml;t Berlin)",https://eprint.iacr.org/2017/822,,p1661-tajikA.pdf,,1,H1,3,Shahin Tajik and Heiko Lohrke
467,The Dynamics of Innocent Flesh on the Bone: Code Reuse Ten Years Later,"Victor van&nbsp;der&nbsp;Veen, Dennis Andriesse, Manolis Stamatogiannakis (Vrije Universiteit Amsterdam); Xi Chen ([Vrije Universiteit Amsterdam/Microsoft]); Herbert Bos, and Cristiano Giuffrida (Vrije Universiteit Amsterdam)",https://vvdveen.com/publications/newton.pdf,https://vusec.net/projects/newton,p1675-van-der-veenA.pdf,"https://vvdveen.com, https://syssec.mistakenot.net, https://vusec.net/manolis, <NO PAGE FOR CHEN>, https://vusec.net/herbert, https://vusec.net/cristiano",,H2,1,Victor van der veen
816,Capturing Malware Propagations with Code Injections and Code-Reuse attacks,"David Korczynski (University of Oxford); Heng Yin (University of California, Riverside)",,,p1691-korczynskiA.pdf,,,H2,2,david korczynski
765,Code-reuse attacks for the Web: Breaking Cross-Site Scripting Mitigations via Script Gadgets,Sebastian Lekies and Krzysztof Kotowicz (Google); Samuel Gro&#xdf;&nbsp;(SAP SE); Eduardo Vela (Google); Martin Johns (SAP SE),,,p1709-lekiesA.pdf,,,H2,3,Sebastian Lekies
123,Tail Attacks on Web Applications,"Huasong Shan and Qingyang Wang (Louisiana State University, Computer Science and Engineering Division); Calton Pu (Georgia Institute of Technology)",,,p1725-shanAemb.pdf,,,H3,1,Qingyang Wang
557,Rewriting History: Changing the Archived Web from the Present,"Ada Lerner (Wellesley College); Tadayoshi Kohno, and Franziska Roesner (University of Washington)",http://repository.wellesley.edu/cgi/viewcontent.cgi?article=1158&context=scholarship,https://rewritinghistory.cs.washington.edu,p1741-lernerAT3.pdf,"https://adalerner.com/, https://homes.cs.washington.edu/~yoshi/, https://www.franziroesner.com/",,H3,2,Ada Lerner
29,Deemon: Detecting CSRF with Dynamic Analysis and Property Graphs,"Giancarlo Pellegrino (CISPA, Saarland University); Martin Johns (SAP SE); Simon Koch, Michael Backes, and Christian Rossow (CISPA, Saarland University)",https://arxiv.org/pdf/1708.08786.pdf,,p1757-pellegrinoA.pdf,,,H3,3,Giancarlo Pellegrino
615,A Comprehensive Symbolic Analysis of TLS 1.3,"Cas Cremers (University of Oxford); Marko Horvat (The Max Planck Institute For Software Systems); Jonathan Hoyland, Sam Scott, and Thyla van&nbsp;der&nbsp;Merwe (Royal Holloway, University of London)",http://tls13tamarin.github.io/TLS13Tamarin/,http://tls13tamarin.github.io/TLS13Tamarin/,p1773-cremersA.pdf,,,H4,1,Jonathan Hoyland
558,HACL&#42;: A Verified Modern Cryptographic Library,Jean-Karim Zinzindohou&eacute;(Inria Paris); Karthikeyan Bhargavan (Inria Paris); Jonathan Protzenko (Microsoft Research); Benjamin Beurdouche (Inria Paris),https://eprint.iacr.org/2017/536,https://github.com/mitls/hacl-star,p1789-zinzindohoueA.pdf,"http://prosecco.inria.fr, https://project-everest.github.io",,H4,2,Jean Karim Zinzindohou_
676,Jasmin: High-Assurance and High-Speed Cryptography,Jos&eacute;&nbsp;Bacelar Almeida ([HASLab -- INESC TEC/Universidade do Minho]); Manuel Barbosa ([HASLab -- INESC TEC/DCC FC Universidade do Porto]); Gilles Barthe (IMDEA Software Institute); Arthur Blot (ENS Lyon); Benjamin Gr&eacute;goire (Inria); Vincent Laporte (IMDEA Software Institute); Tiago Oliveira and Hugo Pacheco ([HASLab -- INESC TEC/Universidade do Minho]); Benedikt Schmidt (IMDEA Software Institute); Pierre-Yves Strub (Ecole Polytechnique),,https://github.com/jasmin-lang/jasmin,p1807-almeidaA.pdf,,,H4,3,Vincent Laporte
252,Post-Quantum Zero-Knowledge and Signatures from Symmetric-Key Primitives,Melissa Chase (Microsoft Research); David Derler (Graz University of Technology); Steven Goldfeder (Princeton University); Claudio Orlandi (Aarhus University); Sebastian Ramacher (Graz University of Technology); Christian Rechberger ([Graz University of Technology/Denmark Technical University]); Daniel Slamanig (AIT Austrian Institute of Technology); Greg Zaverucha (Microsoft Research),,,p1825-chaseA.pdf,,,I1,1,Steven Goldfeder and Sebastian Ramacher
456,To BLISS-B or not to be - Attacking strongSwan's Implementation of Post-Quantum Signatures,Peter Pessl (Graz University of Technology); Leon Groot Bruinderink (Technische Universiteit Eindhoven); Yuval Yarom ([University of Adelaide/Data61]),https://eprint.iacr.org/2017/490,,p1843-pesslA.pdf,,,I1,2,Peter Pessl
472,Side-Channel Attacks on BLISS Lattice-Based Signatures: Exploiting Branch Tracing Against strongSwan and Electromagnetic Emanations in Microcontrollers,Thomas Espitau (UPMC); Pierre-Alain Fouque (Universit&eacute;&nbsp;de Rennes 1); Beno&iuml;t G&eacute;rard (DGA.MI); Mehdi Tibouchi (NTT Secure Platform Laboratories),https://eprint.iacr.org/2017/505,https://github.com/mti/bliss-sidechannel,p1857-espitauA.pdf,"https://almasty.lip6.fr/~espitau/, https://www.di.ens.fr/~fouque/, http://people.irisa.fr/Benoit.Gerard/, https://www.normalesup.org/~tibouchi/",,I1,3,Mehdi Tibouchi
597,Nonmalleable Information Flow Control,"Ethan Cecchetti and Andrew Myers (Cornell University); Owen Arden (University of California, Santa Cruz)",https://www.cs.cornell.edu/~ethan/papers/nmifc.pdf,,p1875-cecchettiA.pdf,"https://www.cs.cornell.edu/~ethan/,https://www.cs.cornell.edu/andru/,https://users.soe.ucsc.edu/~owen/",1,I2,1,Ethan Cecchetti
527,Cryptographically Secure Information Flow Control on Key-Value Stores,"Lucas Waye, Pablo Buiras (Harvard University); Owen Arden (University of California, Santa Cruz); Alejandro Russo (Chalmers University of Technology); Stephen Chong (Harvard University)",https://arxiv.org/abs/1708.08895,,p1893-wayeACC.pdf,"http://lucaswaye.com/,http://people.seas.harvard.edu/~pbuiras/,https://users.soe.ucsc.edu/~owen/,http://www.cse.chalmers.se/~russo/,http://people.seas.harvard.edu/~chong/",,I2,2,Lucas Waye
195,Object Flow Integrity,"Wenhao Wang, Xiaoyang Xu, and Kevin Hamlen (University of Texas at Dallas)",,,p1909-wangA.pdf,"http://www.utdallas.edu/~wenhao.wang, ,http://www.utdallas.edu/~hamlen",,I2,3,Wenhao Wang
649,BBA+: Improving the Security and Applicability of Privacy-Preserving Point Collection,Gunnar Hartung (Karlsruhe Institute of Technology); Max Hoffmann (Ruhr-Universit&auml;t Bochum); Matthias Nagel and Andy Rupp (Karlsruhe Institute of Technology),,,p1925-hartungA.pdf,"https://crypto.iti.kit.edu/?id=hartung, https://www.emsec.rub.de/chair/_staff/Max_Hoffmann/, https://crypto.iti.kit.edu/?id=nagel, https://homepage.ruhr-uni-bochum.de/andy.rupp/",,I3,1,Matthias Nagel
145,walk2friends: Inferring Social Links from Mobility Profiles,"Michael Backes (CISPA, Saarland University); Mathias Humbert (Swiss Data Science Center, ETH/EPFL); Jun Pang (University of Luxembourg); Yang Zhang (CISPA, Saarland University)",https://arxiv.org/abs/1708.08221,https://github.com/yangzhangalmo/walk2friends,p1943-backesA.pdf,"https://infsec.cs.uni-saarland.de/~backes/,http://www.mhumbert.com/,http://satoss.uni.lu/members/jun/,https://yangzhangalmo.github.io/",,I3,2,Yang Zhang
306,Back to the drawing board: Revisiting the design of optimal location privacy-preserving mechanisms,Simon Oya (University of Vigo); Carmela Troncoso (IMDEA Software Institute); Fernando P&eacute;rez-Gonz&aacute;lez (University of Vigo),https://arxiv.org/abs/1705.08779,,p1959-oyaA.pdf,"http://gpsc.uvigo.es/users/simon-oya-diez, https://software.imdea.org/~carmela.troncoso/, http://gpsc.uvigo.es/fernando-perez-gonzalez",,I3,3,Simon Oya
665,Certified Verification of Algebraic Properties on Low-Level Mathematical Constructs in Cryptographic Programs,"Ming-Hsien Tsai, Bow-Yaw Wang, and Bo-Yin Yang (Academia Sinica)",,,p1973-tsaiA.pdf,,,I4,1,Ming-Hsien Tsai
410,A Fast and Verified Software Stack for Secure Function Evaluation,Jos&eacute;&nbsp;Bacelar Almeida ([HASLab -- INESC TEC/Universidade do Minho]); Manuel Barbosa ([HASLab -- INESC TEC/DCC FC Universidade do Porto]); Gilles Barthe (IMDEA Software Institute); Fran&ccedil;ois Dupressoir (University of Surrey); Benjamin Gr&eacute;goire (INRIA Sophia-Antipolis); Vincent Laporte (IMDEA Software Institute); Vitor Pereira ([HASLab -- INESC TEC/DCC FC Universidade do Porto]),https://eprint.iacr.org/2017/821,http://bit.ly/2xJtHLW,p1989-almeidaA.pdf,"http://haslab.uminho.pt/jba/, http://haslab.uminho.pt/mbb/, https://software.imdea.org/people/gilles.barthe/, https://fdupress.net, http://www-sop.inria.fr/members/Benjamin.Gregoire/, http://software.imdea.org/people/vincent.laporte/, http://haslab.uminho.pt/vm2p/",,I4,2,Vitor Pereira
148,Verified Correctness and Security of mbedTLS HMAC-DRBG,Katherine Q. Ye ([Princeton University/Carnegie Mellon University]); Matthew Green (Johns Hopkins University); Naphat Sanguansin and Lennart Beringer (Princeton University); Adam Petcher (Oracle); Andrew W. Appel (Princeton University),https://arxiv.org/abs/1708.08542,http://github.com/PrincetonUniversity/VST/tree/master/hmacdrbg,p2007-yeA.pdf,"https://www.cs.cmu.edu/~kqy/, https://isi.jhu.edu/~mgreen/, https://www.linkedin.com/in/naphat-sanguansin-495aa55b, http://www.cs.princeton.edu/~eberinge/, http://adam.petcher.net/, https://www.cs.princeton.edu/~appel/",,I4,3,Katherine Ye
318,How Unique is Your .onion? An Analysis of the Fingerprintability of Tor Onion Services,Rebekah Overdorf (Drexel University); Marc Juarez and Gunes Acar (KU Leuven); Rachel Greenstadt (Drexel University); Claudia Diaz (KU Leuven),https://arxiv.org/abs/1708.08475,https://cosic.esat.kuleuven.be/fingerprintability/,p2021-overdorfA.pdf,,1,I5,1,Rebekah Overdorf
658,The Waterfall of Liberty: Decoy Routing Circumvention that Resists Routing Attacks,"Milad Nasr, Hadi Zolfaghari, and Amir Houmansadr (University of Massachusetts Amherst)",,https://github.com/SPIN-UMass/waterfall,p2037-nasrA.pdf,,,I5,2,Hadi Zolfaghari
654,Compressive Traffic Analysis: A New Paradigm for Scalable Traffic Analysis,"Milad Nasr, Amir Houmansadr, and Arya Mazumdar (University of Massachusetts Amherst)",http://people.cs.umass.edu/~milad/papers/compress_CCS.pdf,,p2053-nasrA.pdf,http://people.cs.umass.edu/~milad/,,I5,3,Milad Nasr
190,Full accounting for verifiable outsourcing,Riad S. Wahby (Stanford University); Ye Ji (New York University); Andrew J. Blumberg (University of Texas at Austin); abhi shelat (Northeastern University); Justin Thaler (Georgetown University); Michael Walfish and Thomas Wies (New York University),https://eprint.iacr.org/2017/242/,,p2071-wahbyA.pdf,,,J1,1,Riad S. Wahby
865,Ligero: Lightweight Sublinear Arguments Without a Trusted Setup,"Scott Ames (University of Rochester); Carmit Hazay (Bar-Ilan University); Yuval Ishai ([Technion/University of California, Los Angeles]); Muthuramakrishnan Venkitasubramaniam (University of Rochester)",,,p2087-amesA.pdf,"http://www.cs.rochester.edu/u/sames/,http://www.eng.biu.ac.il/hazay/,http://www.cs.technion.ac.il/~yuvali/,http://www.cs.rochester.edu/u/muthuv/",,J1,2,Muthuramakrishnan Venkitasubramaniam
885,Homomorphic Secret Sharing: Optimizations and Applications,"Elette Boyle (IDC Herzliya); Geoffroy Couteau (ENS, Paris); Niv Gilboa (Ben Gurion University); Yuval Ishai ([Technion/University of California, Los Angeles]); Michele Orru (ENS, Paris)",,https://www.di.ens.fr/~orru/hss/,p2105-boyleA.pdf,,,J1,3,Geoffroy Couteau
644,DIFUZE: Interface Aware Fuzzing for Kernel Drivers,"Jake Corina, Aravind Machiry, Christopher Salls (University of California, Santa Barbara); Yan Shoshitaishvili (Arizona State University); Shuang Hao (University of Texas at Dallas); Christopher Kruegel, and Giovanni Vigna (University of California, Santa Barbara)",,https://github.com/ucsb-seclab/difuze,p2123-corinaA.pdf,https://machiry.github.io/,,J2,1,Aravind Machiry
727,SemFuzz: Semantics-based Automatic Generation of Proof-of-Concept&nbsp;Exploits,"Wei You (Indiana University); Peiyuan Zong and Kai Chen (Chinese Academy of Sciences, Institute of Information Engineering); XiaoFeng Wang (Indiana University); Xiaojing Liao (William and Mary); Pan Bian and Bin Liang (Renmin University of China)",,,p2139-youA.pdf,,,J2,2,Wei You
651,SlowFuzz: Automated Domain-Independent Detection of Algorithmic Complexity Vulnerabilities,"Theofilos Petsios, Jason Zhao, Angelos D. Keromytis, and Suman Jana (Columbia University)",https://arxiv.org/abs/1708.08437,,p2155-petsiosA.pdf,"http://www.cs.columbia.edu/~theofilos/,,http://sumanj.info/,http://www.cs.columbia.edu/~angelos/",,J2,3,Theofilos Petsios
573,Checking Open-Source License Violation and 1-day Security Risk at Large Scale,"Ruian Duan, Ashish Bijlani, Meng Xu, Taesoo Kim, and Wenke Lee (Georgia Institute of Technology)",,,p2169-duanA.pdf,,,J3,1,Ruian Duan
603,Keep me Updated: An Empirical Study of Third-Party Library Updatability on Android,"Erik Derr, Sven Bugiel (CISPA, Saarland University); Sascha Fahl (Leibniz University Hannover); Yasemin Acar (Leibniz University Hannover); Michael Backes (CISPA, Saarland University)",https://www.infsec.cs.uni-saarland.de/~derr/publications/pdfs/derr_ccs17.pdf,https://github.com/reddr/LibScout,p2187-derrA.pdf,,,J3,2,Erik Derr
650,A Large-Scale Empirical Study of Security Patches,"Frank Li and Vern Paxson (University of California, Berkeley)",,,p2201-liA.pdf,,,J3,3,Frank Li
354,DEFTL: Implementing Plausibly Deniable Encryption in Flash Translation Layer,"Shijie Jia and Luning Xia (Chinese Academy of Sciences, Institute of Information Engineering); Bo Chen (Michigan Technological University); Peng Liu (The Pennsylvania State University, College of Information Sciences and Technology)",,,p2217-jiaA.pdf,"Shijie Jia (http://www.escience.cn/people/IIEjiashijie/index.html), Bo Chen(http://www.chenirvine.org/), Peng Liu(https://s2.ist.psu.edu/pliu/)",,J4,1,Shijie Jia
526,FlashGuard: Leveraging Intrinsic Flash Properties to Defend Against Encryption Ransomware,"Jian Huang (Georgia Institute of Technology); Jun Xu,Xinyu Xing, and Peng Liu (The Pennsylvania State University); Moinuddin K. Qureshi (Georgia Institute of Technology)",,,p2231-huangA.pdf,"https://www.cc.gatech.edu/~jhuang95/, http://www.personal.psu.edu/users/j/x/jxx13/, http://xinyuxing.org/, https://s2.ist.psu.edu/pliu/, http://moin.ece.gatech.edu/",,J4,2,Jian Huang
577,FirmUSB: Vetting USB Device Firmware using Domain Informed Symbolic Execution,"Grant Hernandez, Farhaan Fowze, Dave [Jing] Tian, Tuba Yavuz, and Kevin Butler (University of Florida)",https://arxiv.org/abs/1708.09114,,p2245-hernandezA.pdf,"https://granthernandez.com , https://sites.google.com/site/farhaanfowze/ , davejingtian.org , http://www.tuba.ece.ufl.edu/ , www.kevinbutler.org",,J4,3,Grant Hernandez
458,TinyOLE: Efficient Actively Secure Two-Party Computation from Oblivious Linear Function Evaluation,"Nico D&ouml;ttling (University of California, Berkeley); Satrajit Ghosh, Jesper Buus Nielsen, Tobias Nilges, and Roberto Trifiletti (Aarhus University)",,,p2263-dottlingA.pdf,,,K1,1,Satrajit Ghosh
525,Distributed Measurement with Private Set-Union Cardinality,Ellis Fenske (Tulane University); Akshaya Mani (Georgetown University); Aaron Johnson (U.S. Naval Research Lab); Micah Sherr (Georgetown University),,,p2277-agrawalAT3.pdf,"http://cs.tulane.edu/~efenske,https://www.linkedin.com/in/akshayamani/,http://ohmygodel.com/,https://security.cs.georgetown.edu/~msherr/",,K1,1,Akshaya Mani
555,Efficient Public Trace-and-Revoke from Standard Assumptions,"Shweta Agrawal (IIT Madras); Sanjay Bhattacherjee (Turing Lab, ASU, ISI Kolkata); Duong Hieu Phan (XLIM [U. Limoges, CNRS], France); Damien Stehle (ENS Lyon, Laboratoire LIP [U. Lyon, CNRS, ENSL, INRIA, UCBL]); Shota Yamada (National Institute of Advanced Industrial Science and Technology [AIST], Japan)",https://eprint.iacr.org/2017/650,,p2295-fenskeA.pdf,"http://www.cse.iitm.ac.in/~shwetaag/, https://sites.google.com/site/sanjaybhattacherjee/, http://www.di.ens.fr/users/phan/, http://perso.ens-lyon.fr/damien.stehle/, https://staff.aist.go.jp/yamada-shota/",,K1,1,Duong Hieu Phan
565,Designing New Operating Primitives to Improve Fuzzing Performance,"Wen Xu, Sanidhya Kashyap, Changwoo Min, and Taesoo Kim (Georgia Institute of Technology)",,,p2313-xuA.pdf,gts3.org,,K2,1,Wen Xu
445,Directed Greybox Fuzzing,"Marcel B&ouml;hme, Van-Thuan Pham, Manh-Dung Nguyen, and Abhik Roychoudhury (National University of Singapore)",https://www.comp.nus.edu.sg/~mboehme/paper/CCS17.pdf,https://github.com/aflgo/aflgo,p2329-bohmeAemb.pdf,"https://www.comp.nus.edu.sg/~mboehme, https://www.comp.nus.edu.sg/~thuanpv, https://strongcourage.github.io/, https://www.comp.nus.edu.sg/~abhik",,K2,2,Marcel B_hme
847,IMF: Inferred Model-based Fuzzer,HyungSeok Han and Sang Kil Cha (KAIST),,https://github.com/SoftSec-KAIST/IMF,p2345-hanA.pdf,"http://daramg.gift/ , https://softsec.kaist.ac.kr/~sangkilc/",,K2,3,HyungSeok Han
626,PtrSplit: Supporting general pointers in automatic program partitioning,"Shen Liu, Gang Tan, and Trent Jaeger (The Pennsylvania State University)",,,p2359-liuAemb.pdf,,,K3,1,Shen Liu
612,HexType: Efficient Detection of Type Confusion Errors for C++,"Yuseok Jeon (Purdue University); Priyam Biswas, Scott Carr, Byoungyoung Lee, and Mathias Payer (Purdue University)",,,p2373-jeonA.pdf,,,K3,2,Yuseok Jeon
2,FreeGuard: A Faster Secure Heap Allocator,"Sam Silvestro, Hongyu Liu, and Corey Crosser (University of Texas at San Antonio); Zhiqiang Lin (University of Texas at Dallas); Tongping Liu (University of Texas at San Antonio)",,https://github.com/UTSASRG/FreeGuard,p2389-silvestroA.pdf,,,K3,3,Sam Silvestro
532,JITGuard: Hardening Just-in-time Compilers with SGX,"Tommaso Frassetto, David Gens, Christopher Liebchen, and Ahmad-Reza Sadeghi (Technische Universit&auml;t Darmstadt)",https://www.informatik.tu-darmstadt.de/fileadmin/user_upload/Group_TRUST/PubsPDF/JITGuard-authorversion.pdf,,p2405-frassettoA.pdf,"https://www.trust.informatik.tu-darmstadt.de/people/tommaso-frassetto/,https://www.trust.informatik.tu-darmstadt.de/people/david-gens/,https://www.trust.informatik.tu-darmstadt.de/people/christopher-liebchen/,https://www.trust.informatik.tu-darmstadt.de/people/ahmad-reza-sadeghi/",,K4,1,Tommaso Frassetto
540,Leaky Cauldron on the Dark Land: Understanding Memory Side-Channel Hazards in SGX,Wenhao Wang (Indiana University); Guoxing Chen (The Ohio State University); Xiaorui Pan (Indiana University); Yinqian Zhang (The Ohio State University); XiaoFeng Wang (Indiana University); Vincent Bindschaedler (University of Illinois at Urbana-Champaign); Haixu Tang (Indiana University); Carl A. Gunter (University of Illinois at Urbana-Champaign),,,p2421-wangA.pdf,,,K4,2,Wenhao Wang
813,A Formal Foundation for Secure Remote Execution of Enclaves,"Pramod Subramanyan and Rohit Sinha (University of California, Berkeley); Ilia Lebedev and Srinivas Devadas (Massachusetts Institute of Technology); Sanjit Seshia (University of California, Berkeley)",https://eprint.iacr.org/2017/565,https://github.com/0tcb/TAP,p2435-subramanyanA.pdf,"http://www.spramod.info, https://people.eecs.berkeley.edu/~rsinha/, http://ilia.hackartscience.com/, https://people.csail.mit.edu/devadas/, https://people.eecs.berkeley.edu/~sseshia/",1,K4,3,Pramod Subramanyan